Codon,Frequency
AAA,28.28
AAC,21.41
AAG,31.49
AAT,19.15
ACA,16.74
ACC,17.02
ACG,8.29
ACT,14.04
AGA,13.25
AGC,19.05
AGG,11.71
AGT,13.96
ATA,9.76
ATC,19.8
ATG,22.42
ATT,16.37
CAA,15.45
CAC,14.57
CAG,32.83
CAT,11.36
CCA,17.43
CCC,16.34
CCG,8.39
CCT,16.69
CGA,6.69
CGC,9.31
CGG,8.59
CGT,6.09
CTA,7.41
CTC,16.57
CTG,33.74
CTT,12.72
GAA,31.48
GAC,26.04
GAG,39.44
GAT,25.01
GCA,16.66
GCC,22.81
GCG,8.17
GCT,18.94
GGA,17.66
GGC,18.64
GGG,12.65
GGT,12.54
GTA,8.41
GTC,14.26
GTG,24.78
GTT,13
TAA,0.54
TAC,15.24
TAG,0.36
TAT,11.85
TCA,13.72
TCC,16.83
TCG,7.06
TCT,15.83
TGA,0.75
TGC,10.78
TGG,11.02
TGT,10.21
TTA,9.27
TTC,18.46
TTG,14.14
TTT,16.51
